<PhysiCell_settings version="devel-version">
	<domain>
		<x_min>-100</x_min>
		<x_max>100</x_max>
		<y_min>-100</y_min>
		<y_max>100</y_max>
		<z_min>-10</z_min>
		<z_max>10</z_max>
		<dx>2</dx>
		<dy>2</dy>
		<dz>2</dz>
		<use_2D>true</use_2D>
	</domain>
	
	<overall>
		<max_time units="min">10</max_time> 
		<time_units>min</time_units>
		<space_units>micron</space_units>
	
		<dt_diffusion units="min">0.01</dt_diffusion>
		<dt_mechanics units="min">0.1</dt_mechanics>
		<dt_phenotype units="min">1</dt_phenotype>	
	</overall>
	
	<parallel>
		<omp_num_threads>6</omp_num_threads>
	</parallel> 
	
	<save>
		<folder>output</folder>  

		<full_data>
			<interval units="min">1</interval>
			<enable>true</enable>
		</full_data>
		
		<SVG>
			<interval units="min">1</interval>
			<enable>true</enable>
		</SVG>
		
		<legacy_data>
			<enable>false</enable>
		</legacy_data>
	</save>
	
	<options>
		<legacy_random_points_on_sphere_in_divide>false</legacy_random_points_on_sphere_in_divide>
		<virtual_wall_at_domain_edge>true</virtual_wall_at_domain_edge>
	</options>	

	<microenvironment_setup>
		<variable name="substrate" units="dimensionless" ID="0">
			<physical_parameter_set>
				<diffusion_coefficient units="micron^2/min">100000.0</diffusion_coefficient>
				<decay_rate units="1/min">10</decay_rate>  
			</physical_parameter_set>
			<initial_condition units="mmHg">0</initial_condition>
			<Dirichlet_boundary_condition units="mmHg" enabled="true">0</Dirichlet_boundary_condition>
 

 		</variable>
		
		<options>
			<calculate_gradients>true</calculate_gradients>
			<track_internalized_substrates_in_each_agent>true</track_internalized_substrates_in_each_agent>
			 
			<initial_condition type="matlab" enabled="false">
				<filename>./config/initial.mat</filename>
			</initial_condition>
			 
			<dirichlet_nodes type="matlab" enabled="false">
				<filename>./config/dirichlet.mat</filename>
			</dirichlet_nodes>
		</options>
	</microenvironment_setup>	
	
	<cell_definitions>
		<cell_definition name="ellipsey" ID="0">
			<phenotype>
				<volume>  
					<total units="micron^3">23.15</total>
				</volume> 				
				
				<mechanics> 

				</mechanics>
				
				<motility>  
					<speed units="micron/min">0</speed>
					<persistence_time units="min">1</persistence_time>
					<migration_bias units="dimensionless">.5</migration_bias>
					
					<options>
						<enabled>false</enabled>
						<use_2D>true</use_2D>
						<chemotaxis>
							<enabled>false</enabled>
							<substrate>substrate</substrate>
							<direction>1</direction>
						</chemotaxis>
					</options>
				</motility>
				
				<secretion>
					<substrate name="substrate">
						<secretion_rate units="1/min">0</secretion_rate>
						<secretion_target units="substrate density">1</secretion_target>
						<uptake_rate units="1/min">0</uptake_rate>
						<net_export_rate units="total substrate/min">0</net_export_rate> 
					</substrate> 
				</secretion>

				<cell_interactions>
				<dead_phagocytosis_rate units="1/min">0</dead_phagocytosis_rate>
				<live_phagocytosis_rates>
					<phagocytosis_rate name="default" units="1/min">0</phagocytosis_rate>
				</live_phagocytosis_rates>
				<attack_rates>
					<attack_rate name="default" units="1/min">0</attack_rate>
				</attack_rates>
				<damage_rate units="1/min">1</damage_rate>
				<fusion_rates>
					<fusion_rate name="default" units="1/min">0</fusion_rate>
				</fusion_rates>
				</cell_interactions>
				<cell_transformations>
					<transformation_rates>
						<transformation_rate name="default" units="1/min">0</transformation_rate>
					</transformation_rates>
				</cell_transformations>


				<molecular />
			</phenotype>
			<custom_data>  
                <axis_a type="double" units="um" conserved="false">1.0</axis_a>
                <axis_b units="um" conserved="false">2.0</axis_b>
                <axis_c units="um" conserved="false">3.0</axis_c>
                <cx units="um" conserved="false">0.0</cx>
                <cy units="um" conserved="false">0.0</cy>
                <cz units="um" conserved="false">0.0</cz>
				<test_list units="um" conserved="false">6.6, 2.0, 3.5</test_list>
			</custom_data>
		</cell_definition>
	</cell_definitions>
	
	<initial_conditions>
		<cell_positions type="csv" enabled="false">
			<folder>./config</folder>
			<filename>cells.csv</filename>
		</cell_positions>
	</initial_conditions>	
	
	<user_parameters>
		<random_seed type="int" units="dimensionless">0</random_seed> 
		 
		
		<div_initialization type="divider" description="---Initialization settings---" />
		
		<number_of_cells type="int" units="none" description="initial number of cells (for each cell type)">5</number_of_cells>
	</user_parameters>
	
</PhysiCell_settings>
